"","TREATMENT","M_SNC_MST_RCNT_ACT_OPN","TOT_HI_CRDT_CRDT_LMT","RATIO_BAL_TO_HI_CRDT","AGRGT_BAL_ALL_XCLD_MRTG","N_OF_SATISFY_FNC_REV_ACTS","AVG_BAL_ALL_FNC_REV_ACTS","N_BANK_INSTLACTS","M_SNCOLDST_BNKINSTL_ACTOPN","N_FNC_INSTLACTS","N_SATISFY_INSTL_ACTS","M_SNC_MSTREC_INSTL_TRD_OPN","TOT_INSTL_HI_CRDT_CRDT_LMT","M_SNC_OLDST_MRTG_ACT_OPN","M_SNC_MSTRCNT_MRTG_ACT_UPD","M_SNC_MST_RCNT_MRTG_DEAL","N30D_ORWRS_RTNG_MRTG_ACTS","N_OF_MRTG_ACTS_DLINQ_24M","N_SATISFY_PRSNL_FNC_ACTS","RATIO_PRSNL_FNC_BAL2HICRDT","TOT_OTHRFIN_HICRDT_CRDTLMT","N_SATISFY_OIL_NATIONL_ACTS","M_SNCOLDST_OIL_NTN_TRD_OPN","N_BC_ACTS_OPN_IN_12M","N_BC_ACTS_OPN_IN_24M","AVG_BAL_ALL_PRM_BC_ACTS","N_RETAIL_ACTS_OPN_IN_24M","M_SNC_OLDST_RETAIL_ACT_OPN","RATIO_RETAIL_BAL2HI_CRDT","TOT_BAL_ALL_DPT_STORE_ACTS","N_30D_RATINGS","N_120D_RATINGS","N_30D_AND_60D_RATINGS","N_ACTS_WITH_MXD_3_IN_24M","N_ACTS_WITH_MXD_4_IN_24M","PRCNT_OF_ACTS_NEVER_DLQNT","N_ACTS_90D_PLS_LTE_IN_6M","TOT_NOW_LTE","N_DEROG_PUB_RECS","N_INQUIRIES","N_FNC_ACTS_VRFY_IN_12M","N_OPEN_REV_ACTS","N_FNC_ACTS_OPN_IN_12M","HI_RETAIL_CRDT_LMT","N_PUB_REC_ACT_LINE_DEROGS","M_SNC_MST_RCNT_60_DAY_RTNG","N_DISPUTED_ACTS","AUTO_HI_CRDT_2_ACTUAL","MRTG_1_MONTHLY_PAYMENT","MRTG_2_CURRENT_BAL","PREM_BANKCARD_CRED_LMT","STUDENT_HI_CRED_RANGE","AUTO_2_OPEN_DATE_YRS","MAX_MRTG_CLOSE_DATE","UPSCALE_OPEN_DATE_YRS","STUDENT_OPEN_DATE_YRS","FNC_CARD_OPEN_DATE_YRS","AGE","D_DEPTCARD","D_REGION_A","D_REGION_B","D_REGION_C","D_NA_M_SNC_MST_RCNT_ACT_OPN","D_NA_AVG_BAL_ALL_FNC_REV_ACTS","D_NA_M_SNCOLDST_BNKINSTL_ACTOPN","D_NA_M_SNC_OLDST_MRTG_ACT_OPN","D_NA_M_SNC_MST_RCNT_MRTG_DEAL","D_NA_RATIO_PRSNL_FNC_BAL2HICRDT","PURCHASE","leaf_index","n11","n12","n21","n22","pi_1","pi_2","phi","causal_effect_model","bias","N"
"1",NA,NA,NA,0,1,NA,NA,NA,NA,NA,NA,NA,NA,NA,NA,NA,NA,NA,NA,NA,NA,NA,NA,NA,NA,NA,NA,NA,NA,NA,NA,NA,NA,NA,NA,NA,NA,NA,NA,NA,NA,NA,NA,NA,NA,NA,NA,NA,NA,NA,NA,NA,NA,NA,0,NA,NA,NA,1,NA,NA,NA,0,NA,NA,NA,NA,NA,NA,5,68,188,105,183,0.265625,0.364583333333333,-0.0989583333333333,-0.210945736434109,0.111987403100775,544
"2",NA,NA,NA,0,1,NA,NA,NA,NA,NA,NA,NA,NA,NA,NA,NA,NA,NA,NA,0,NA,NA,NA,NA,NA,NA,NA,NA,NA,NA,NA,NA,NA,NA,NA,0,NA,NA,NA,NA,NA,NA,NA,NA,NA,NA,NA,NA,NA,NA,NA,NA,NA,NA,1,NA,NA,NA,1,NA,NA,NA,0,NA,NA,NA,NA,0,NA,8,9,10,14,11,0.473684210526316,0.56,-0.0863157894736843,-0.48,0.393684210526316,44
"3",NA,NA,NA,0,1,NA,NA,NA,NA,NA,NA,NA,NA,NA,NA,NA,NA,NA,NA,1,NA,NA,NA,NA,NA,1,NA,NA,NA,NA,NA,NA,NA,NA,NA,0,NA,NA,NA,NA,NA,NA,NA,NA,NA,NA,NA,NA,NA,NA,NA,NA,NA,NA,1,1,NA,NA,1,NA,NA,NA,0,NA,NA,NA,NA,NA,NA,10,19,34,11,13,0.358490566037736,0.458333333333333,-0.0998427672955975,-0.274122807017544,0.174280039721946,77
"4",NA,NA,NA,0,1,NA,NA,NA,NA,NA,NA,NA,NA,NA,NA,NA,NA,NA,NA,1,NA,NA,NA,NA,NA,0,NA,NA,NA,NA,NA,NA,NA,NA,NA,0,NA,NA,NA,NA,NA,NA,NA,NA,NA,NA,NA,NA,NA,NA,NA,NA,NA,NA,1,NA,NA,NA,1,NA,NA,NA,0,NA,NA,NA,NA,NA,NA,11,7,22,16,28,0.241379310344828,0.363636363636364,-0.122257053291536,0.00367647058823528,0.125933523879771,73
"5",NA,NA,1,0,1,NA,NA,NA,NA,NA,NA,NA,NA,NA,NA,1,NA,NA,NA,NA,NA,NA,NA,NA,NA,NA,NA,NA,NA,NA,NA,NA,NA,NA,NA,1,NA,NA,NA,NA,NA,1,NA,NA,NA,NA,NA,NA,NA,NA,NA,NA,0,NA,1,NA,NA,NA,1,NA,NA,NA,0,NA,NA,NA,NA,NA,NA,13,3,13,10,13,0.1875,0.434782608695652,-0.247282608695652,-0.25,0.00271739130434784,39
"6",NA,NA,NA,0,1,NA,NA,NA,NA,NA,NA,NA,NA,NA,NA,NA,NA,NA,NA,NA,NA,NA,NA,NA,NA,NA,NA,NA,NA,NA,NA,NA,NA,NA,NA,1,NA,NA,NA,NA,NA,NA,NA,NA,NA,NA,NA,NA,NA,NA,NA,NA,1,NA,1,NA,NA,NA,1,NA,NA,NA,0,NA,NA,NA,NA,NA,NA,14,102,222,128,200,0.314814814814815,0.390243902439024,-0.0754290876242096,-0.043495405970267,0.0319336816539426,652
"7",NA,NA,NA,1,1,NA,NA,NA,NA,NA,NA,NA,NA,NA,NA,NA,NA,NA,NA,NA,NA,NA,NA,NA,NA,NA,NA,NA,0,NA,NA,NA,NA,NA,NA,NA,NA,NA,NA,NA,NA,NA,NA,NA,NA,NA,NA,NA,NA,NA,NA,NA,NA,NA,NA,NA,NA,NA,1,0,0,1,0,NA,NA,0,NA,NA,NA,18,7,37,13,38,0.159090909090909,0.254901960784314,-0.0958110516934046,-0.281083142639207,0.185272090945802,95
"8",NA,NA,NA,1,1,NA,NA,NA,1,NA,NA,NA,NA,NA,NA,NA,NA,NA,NA,NA,NA,NA,NA,NA,NA,NA,NA,NA,0,NA,NA,NA,NA,NA,NA,NA,NA,NA,NA,NA,NA,NA,NA,NA,NA,NA,NA,NA,NA,NA,NA,NA,NA,NA,NA,NA,NA,NA,1,NA,NA,0,0,NA,1,0,NA,NA,NA,20,2,26,8,14,0.0714285714285714,0.363636363636364,-0.292207792207792,-0.222651222651223,0.0695565695565696,50
"9",NA,NA,NA,1,1,NA,NA,NA,NA,NA,NA,NA,NA,NA,NA,NA,NA,NA,NA,NA,NA,NA,NA,NA,NA,NA,NA,NA,0,NA,NA,NA,NA,NA,NA,NA,NA,NA,NA,NA,NA,NA,NA,NA,NA,NA,NA,NA,NA,NA,NA,NA,NA,NA,NA,NA,NA,NA,1,NA,NA,0,0,NA,0,0,NA,NA,NA,21,20,88,22,80,0.185185185185185,0.215686274509804,-0.0305010893246188,-0.0890012642225031,0.0585001748978844,210
"10",NA,NA,NA,1,1,NA,NA,NA,NA,NA,NA,NA,NA,NA,NA,NA,NA,NA,NA,NA,NA,NA,NA,NA,NA,NA,NA,NA,1,NA,NA,NA,NA,NA,NA,NA,NA,NA,NA,NA,NA,NA,NA,NA,NA,NA,NA,NA,NA,NA,NA,NA,NA,NA,NA,NA,NA,NA,1,NA,NA,NA,0,NA,NA,0,NA,NA,NA,22,29,119,43,105,0.195945945945946,0.290540540540541,-0.0945945945945946,-0.0224899598393574,0.0721046347552372,296
"11",NA,NA,NA,1,1,NA,NA,NA,NA,NA,NA,NA,NA,1,1,1,NA,NA,NA,NA,NA,NA,NA,NA,NA,NA,NA,NA,NA,NA,NA,NA,NA,NA,NA,NA,NA,NA,NA,NA,NA,NA,NA,NA,NA,NA,NA,NA,NA,NA,NA,NA,NA,NA,NA,NA,NA,NA,1,0,0,1,0,NA,NA,1,1,NA,NA,24,5,39,6,39,0.113636363636364,0.133333333333333,-0.0196969696969697,-0.0926829268292683,0.0729859571322986,89
"12",NA,NA,NA,1,1,NA,NA,NA,NA,NA,NA,NA,NA,1,1,1,NA,NA,NA,NA,NA,NA,NA,NA,NA,NA,NA,NA,NA,NA,NA,NA,NA,NA,NA,NA,NA,NA,NA,NA,NA,NA,NA,NA,NA,NA,NA,NA,NA,NA,NA,NA,NA,1,0,NA,NA,NA,1,1,0,0,0,NA,NA,1,1,NA,NA,27,4,25,2,26,0.137931034482759,0.0714285714285714,0.0665024630541872,-0.107142857142857,0.173645320197044,57
"13",NA,NA,NA,1,1,NA,NA,NA,NA,NA,NA,NA,NA,1,1,1,NA,NA,NA,NA,NA,NA,NA,NA,NA,NA,NA,NA,NA,NA,NA,NA,NA,NA,NA,NA,NA,NA,NA,NA,NA,NA,NA,NA,NA,NA,NA,NA,NA,NA,NA,NA,NA,NA,1,NA,NA,NA,1,1,0,0,0,NA,NA,1,1,NA,NA,28,6,36,7,31,0.142857142857143,0.184210526315789,-0.0413533834586466,0.183333333333333,0.22468671679198,80
"14",NA,NA,NA,1,1,NA,NA,NA,NA,NA,NA,NA,NA,1,1,1,NA,NA,NA,NA,NA,NA,NA,NA,NA,1,NA,NA,NA,NA,NA,NA,NA,NA,NA,NA,NA,NA,NA,NA,NA,NA,NA,NA,NA,NA,NA,NA,NA,NA,NA,NA,NA,NA,NA,0,NA,NA,1,0,NA,0,0,NA,NA,1,1,NA,NA,30,0,13,1,26,0,0.037037037037037,-0.037037037037037,0.0909090909090909,0.127946127946128,40
"15",NA,NA,NA,1,1,NA,NA,NA,NA,NA,NA,NA,NA,1,1,1,NA,NA,NA,NA,NA,NA,NA,NA,NA,NA,NA,NA,0,NA,NA,NA,NA,NA,NA,NA,NA,NA,NA,NA,NA,NA,NA,NA,NA,NA,NA,NA,NA,NA,NA,NA,NA,NA,NA,1,NA,NA,1,0,NA,0,0,NA,NA,1,1,NA,NA,32,12,30,11,15,0.285714285714286,0.423076923076923,-0.137362637362637,0.165714285714286,0.303076923076923,68
"16",NA,NA,NA,1,1,NA,NA,NA,NA,NA,NA,NA,NA,1,1,1,NA,NA,NA,NA,NA,NA,NA,NA,NA,NA,NA,NA,1,NA,NA,NA,NA,NA,NA,NA,NA,NA,NA,NA,NA,NA,NA,NA,NA,NA,NA,NA,NA,NA,NA,NA,NA,NA,NA,1,NA,NA,1,0,NA,0,0,NA,NA,1,1,NA,NA,33,6,30,7,32,0.166666666666667,0.179487179487179,-0.0128205128205128,0.35,0.362820512820513,75
"17",NA,NA,NA,0,0,NA,NA,NA,1,NA,NA,NA,NA,NA,NA,1,NA,NA,NA,NA,NA,NA,NA,NA,NA,0,NA,NA,NA,NA,NA,NA,NA,NA,NA,NA,NA,NA,NA,NA,NA,1,NA,NA,NA,NA,NA,NA,NA,NA,NA,NA,NA,NA,NA,1,NA,NA,1,NA,NA,NA,0,NA,0,0,NA,NA,NA,38,13,35,9,20,0.270833333333333,0.310344827586207,-0.0395114942528736,-0.382795698924731,0.343284204671858,77
"18",NA,NA,NA,0,0,NA,NA,NA,0,NA,NA,NA,NA,NA,NA,NA,NA,NA,NA,NA,NA,NA,NA,NA,NA,0,NA,NA,NA,NA,NA,NA,NA,NA,NA,NA,NA,NA,NA,NA,NA,NA,NA,NA,NA,1,NA,NA,NA,NA,NA,NA,1,NA,NA,1,NA,NA,1,NA,NA,NA,0,NA,0,0,NA,NA,NA,39,5,10,4,6,0.333333333333333,0.4,-0.0666666666666667,-0.0214285714285715,0.0452380952380952,25
"19",NA,NA,NA,0,0,NA,NA,NA,NA,NA,NA,NA,NA,1,1,1,NA,NA,NA,NA,NA,NA,NA,NA,NA,0,NA,NA,NA,NA,NA,NA,NA,NA,NA,NA,NA,NA,NA,NA,NA,1,NA,NA,NA,1,NA,NA,NA,NA,NA,NA,NA,NA,NA,NA,NA,NA,1,NA,NA,NA,0,NA,0,1,1,NA,NA,40,20,15,19,16,0.571428571428571,0.542857142857143,0.0285714285714286,0.107843137254902,0.0792717086834734,70
"20",NA,NA,NA,NA,0,NA,NA,NA,NA,NA,NA,NA,NA,1,1,1,NA,NA,NA,NA,NA,NA,NA,NA,NA,1,NA,NA,NA,NA,NA,NA,NA,NA,NA,NA,NA,NA,NA,NA,NA,NA,NA,NA,NA,NA,NA,NA,NA,NA,NA,NA,1,NA,NA,NA,1,NA,1,NA,NA,NA,0,NA,0,1,1,NA,NA,42,4,20,8,19,0.166666666666667,0.296296296296296,-0.12962962962963,-0.0574712643678161,0.0721583652618135,51
"21",NA,NA,NA,NA,0,NA,NA,NA,NA,NA,NA,NA,NA,NA,NA,NA,NA,NA,NA,NA,NA,NA,NA,NA,NA,1,NA,NA,NA,NA,NA,NA,NA,NA,NA,NA,NA,NA,NA,NA,NA,NA,NA,NA,NA,NA,NA,NA,NA,NA,NA,NA,NA,NA,NA,1,NA,NA,1,NA,NA,NA,0,NA,0,0,NA,NA,NA,43,11,23,2,22,0.323529411764706,0.0833333333333333,0.240196078431373,0.238095238095238,0.0021008403361345,58
"22",NA,NA,NA,NA,0,NA,NA,NA,1,NA,NA,NA,NA,1,1,1,NA,NA,NA,NA,NA,NA,NA,NA,NA,NA,NA,NA,NA,NA,NA,NA,NA,NA,NA,NA,NA,NA,NA,NA,NA,NA,NA,NA,NA,NA,NA,NA,NA,NA,NA,NA,NA,NA,NA,NA,NA,NA,1,NA,NA,NA,NA,NA,1,1,1,NA,NA,45,70,184,54,221,0.275590551181102,0.196363636363636,0.079226914817466,0.0240761478163494,0.0551507670011167,529
"23",NA,NA,NA,NA,0,NA,NA,NA,1,NA,NA,NA,NA,NA,NA,NA,NA,NA,NA,NA,NA,NA,NA,NA,NA,NA,NA,NA,NA,NA,NA,NA,NA,NA,NA,NA,NA,NA,NA,NA,NA,NA,NA,NA,NA,NA,NA,NA,NA,NA,NA,NA,1,NA,NA,1,NA,NA,1,1,0,0,0,NA,1,0,NA,NA,NA,47,9,29,10,31,0.236842105263158,0.24390243902439,-0.00706033376123236,0.0281306715063521,0.0351910052675844,79
"24",NA,NA,NA,NA,0,NA,NA,NA,1,NA,NA,NA,NA,NA,NA,1,NA,NA,NA,NA,NA,NA,NA,NA,NA,NA,NA,NA,NA,NA,NA,NA,NA,NA,NA,1,NA,NA,NA,NA,NA,NA,NA,NA,NA,NA,NA,NA,NA,NA,NA,NA,NA,NA,1,1,1,NA,1,0,NA,NA,0,NA,1,0,NA,NA,NA,50,14,21,13,22,0.4,0.371428571428571,0.0285714285714286,0.0263691683569979,0.00220226021443065,70
"25",NA,NA,NA,0,0,NA,NA,NA,1,NA,NA,1,NA,NA,NA,NA,NA,NA,NA,NA,NA,NA,1,NA,NA,NA,NA,NA,NA,NA,NA,NA,NA,NA,NA,1,NA,NA,NA,NA,NA,NA,NA,NA,NA,1,NA,NA,NA,NA,NA,NA,1,NA,0,1,1,NA,1,0,NA,NA,0,NA,1,0,NA,NA,NA,51,10,12,4,10,0.454545454545455,0.285714285714286,0.168831168831169,0.41304347826087,0.244212309429701,36
"26",NA,NA,NA,NA,0,NA,NA,NA,1,NA,NA,NA,NA,NA,NA,NA,NA,NA,NA,NA,NA,NA,NA,NA,NA,NA,NA,NA,NA,NA,NA,NA,NA,NA,NA,0,NA,NA,NA,NA,NA,NA,NA,NA,NA,NA,NA,NA,NA,NA,NA,NA,1,NA,NA,1,NA,NA,1,0,NA,NA,0,NA,1,0,NA,NA,NA,52,1,19,3,11,0.05,0.214285714285714,-0.164285714285714,0.434782608695652,0.599068322981366,34
"27",NA,0,NA,NA,NA,NA,NA,NA,NA,NA,NA,NA,NA,NA,NA,1,NA,NA,NA,NA,NA,NA,NA,NA,NA,NA,NA,NA,1,NA,NA,NA,NA,NA,NA,NA,NA,NA,NA,NA,NA,NA,NA,NA,NA,NA,NA,NA,NA,NA,NA,NA,NA,NA,1,NA,NA,NA,0,0,1,0,0,NA,NA,NA,1,NA,NA,57,20,141,20,133,0.124223602484472,0.130718954248366,-0.00649535176389397,-0.107937181663837,0.101441829899943,314
"28",NA,0,NA,NA,NA,NA,NA,NA,NA,NA,NA,1,NA,NA,NA,1,NA,NA,NA,NA,NA,NA,NA,NA,NA,NA,NA,NA,1,NA,NA,NA,NA,NA,NA,NA,NA,NA,NA,NA,NA,NA,NA,NA,NA,NA,NA,NA,NA,NA,NA,NA,1,NA,1,NA,NA,NA,0,0,0,1,0,NA,NA,NA,1,NA,NA,60,13,75,11,66,0.147727272727273,0.142857142857143,0.00487012987012989,-0.156002365464222,0.160872495334352,165
"29",NA,0,NA,NA,NA,NA,NA,NA,1,NA,NA,1,NA,NA,NA,1,NA,NA,NA,NA,NA,NA,NA,NA,NA,NA,NA,NA,1,NA,NA,NA,NA,NA,NA,NA,NA,NA,NA,NA,NA,NA,NA,NA,NA,NA,NA,NA,NA,NA,NA,NA,1,NA,1,1,NA,NA,0,NA,0,0,0,NA,1,NA,1,0,NA,63,4,13,2,20,0.235294117647059,0.0909090909090909,0.144385026737968,-0.323076923076923,0.467461949814891,39
"30",NA,0,NA,NA,NA,NA,NA,NA,1,NA,NA,1,NA,NA,NA,1,NA,NA,NA,1,NA,NA,NA,NA,NA,NA,NA,1,1,NA,NA,NA,NA,NA,NA,NA,NA,NA,NA,NA,NA,NA,NA,NA,NA,NA,NA,NA,NA,NA,NA,NA,1,NA,1,NA,NA,NA,0,0,0,0,0,NA,1,NA,1,1,NA,66,13,29,11,36,0.30952380952381,0.234042553191489,0.0754812563323202,-0.183994528043776,0.259475784376096,89
"31",NA,0,NA,NA,NA,NA,NA,NA,1,NA,NA,1,NA,NA,NA,1,NA,NA,NA,1,NA,NA,NA,NA,NA,NA,NA,1,1,NA,NA,NA,NA,NA,NA,NA,NA,NA,NA,NA,NA,NA,NA,NA,NA,NA,NA,NA,NA,NA,NA,NA,1,NA,1,NA,NA,NA,0,1,0,0,0,NA,1,NA,1,1,NA,67,7,37,2,53,0.159090909090909,0.0363636363636364,0.122727272727273,0.0182783018867925,0.10444897084048,99
"32",NA,0,NA,NA,NA,NA,NA,NA,1,NA,NA,1,NA,NA,NA,1,NA,NA,NA,1,NA,NA,NA,NA,NA,NA,NA,0,1,NA,NA,NA,NA,NA,NA,NA,NA,NA,NA,NA,NA,NA,NA,NA,NA,NA,NA,NA,NA,NA,NA,NA,1,NA,1,NA,1,NA,0,NA,0,0,0,NA,1,NA,1,1,NA,68,7,19,8,24,0.269230769230769,0.25,0.0192307692307692,0.185344827586207,0.166114058355438,58
"33",NA,0,NA,NA,NA,NA,NA,NA,NA,NA,NA,1,NA,NA,NA,1,NA,NA,NA,NA,NA,NA,NA,NA,NA,NA,NA,NA,1,NA,NA,NA,NA,NA,NA,NA,NA,NA,NA,NA,NA,NA,NA,NA,NA,NA,NA,NA,NA,NA,NA,NA,NA,NA,1,1,1,NA,0,1,0,0,0,NA,0,NA,1,NA,NA,70,5,20,6,21,0.2,0.222222222222222,-0.0222222222222222,-0.101851851851852,0.0796296296296297,52
"34",NA,0,NA,NA,NA,NA,NA,NA,NA,NA,NA,1,NA,NA,NA,1,NA,NA,NA,NA,NA,NA,NA,NA,NA,NA,NA,NA,1,NA,NA,NA,NA,NA,NA,NA,NA,NA,NA,NA,NA,NA,NA,NA,NA,NA,NA,NA,NA,NA,NA,NA,NA,NA,1,1,NA,NA,0,0,0,0,0,NA,0,NA,1,NA,NA,71,9,16,11,13,0.36,0.458333333333333,-0.0983333333333333,0.377104377104377,0.47543771043771,49
"35",NA,0,NA,NA,NA,NA,NA,NA,NA,NA,NA,0,NA,NA,NA,1,NA,NA,NA,NA,NA,NA,NA,NA,NA,NA,NA,NA,1,NA,NA,NA,NA,NA,NA,NA,NA,NA,NA,NA,NA,NA,NA,NA,NA,NA,NA,NA,NA,NA,NA,NA,NA,NA,NA,NA,NA,NA,0,NA,0,NA,0,NA,NA,NA,1,NA,NA,72,89,378,75,392,0.190578158458244,0.160599571734475,0.0299785867237687,-0.00641950310447709,0.0363980898282458,934
"36",NA,0,NA,NA,NA,NA,NA,NA,NA,NA,NA,NA,NA,NA,1,NA,NA,NA,NA,NA,NA,NA,NA,NA,NA,NA,NA,NA,1,NA,NA,NA,NA,NA,NA,NA,NA,NA,NA,NA,NA,NA,NA,NA,NA,0,NA,NA,NA,NA,NA,NA,NA,NA,1,NA,NA,NA,0,NA,NA,NA,0,NA,0,0,0,NA,NA,76,10,29,9,25,0.256410256410256,0.264705882352941,-0.00829562594268479,-0.2,0.191704374057315,73
"37",NA,0,NA,NA,NA,NA,NA,NA,1,NA,NA,NA,NA,NA,1,NA,NA,NA,NA,NA,NA,NA,NA,NA,NA,1,NA,NA,1,NA,NA,NA,NA,NA,NA,0,NA,NA,NA,NA,NA,NA,NA,NA,NA,0,NA,NA,NA,NA,NA,NA,NA,NA,1,1,NA,NA,0,NA,NA,NA,0,NA,1,0,0,NA,NA,77,7,21,6,22,0.25,0.214285714285714,0.0357142857142857,0.0915119363395225,0.0557976506252368,56
"38",NA,0,NA,NA,NA,NA,NA,NA,NA,NA,NA,NA,NA,NA,1,NA,NA,NA,NA,NA,NA,NA,NA,NA,NA,NA,NA,NA,1,NA,NA,NA,NA,NA,NA,NA,NA,NA,NA,NA,NA,NA,NA,NA,NA,1,NA,NA,NA,NA,NA,NA,NA,NA,1,NA,NA,NA,0,NA,NA,NA,0,NA,NA,0,0,NA,NA,78,13,25,13,29,0.342105263157895,0.30952380952381,0.0325814536340852,0.210626185958254,0.178044732324169,80
"39",NA,0,1,NA,NA,NA,NA,NA,NA,NA,NA,NA,NA,NA,0,NA,NA,NA,NA,NA,NA,NA,NA,NA,NA,NA,NA,NA,1,NA,NA,NA,NA,NA,NA,NA,NA,NA,NA,NA,NA,NA,NA,NA,NA,NA,NA,NA,NA,NA,NA,NA,NA,NA,1,NA,NA,NA,0,NA,NA,NA,0,NA,NA,0,0,NA,NA,79,17,27,3,23,0.386363636363636,0.115384615384615,0.270979020979021,0.265151515151515,0.0058275058275058,70
"40",NA,1,NA,1,NA,NA,1,NA,NA,NA,NA,NA,NA,NA,NA,NA,NA,NA,NA,NA,NA,NA,NA,NA,NA,NA,NA,NA,1,NA,NA,NA,NA,NA,NA,NA,NA,NA,NA,NA,NA,0,NA,NA,NA,NA,NA,NA,NA,NA,NA,NA,NA,NA,1,NA,NA,NA,0,NA,NA,NA,NA,1,NA,NA,NA,NA,NA,83,42,1367,58,1363,0.0298083747338538,0.0408163265306122,-0.0110079517967584,-0.00321465133723645,0.00779330045952199,2830
"41",NA,1,0,0,NA,NA,1,NA,NA,NA,NA,NA,NA,NA,1,1,NA,NA,NA,1,NA,NA,NA,NA,NA,0,NA,NA,1,NA,NA,NA,NA,NA,NA,NA,NA,NA,NA,NA,NA,0,NA,NA,NA,NA,NA,NA,NA,NA,NA,NA,1,NA,1,1,1,1,0,NA,NA,NA,0,1,NA,NA,1,1,NA,87,4,28,4,30,0.125,0.117647058823529,0.00735294117647059,-0.121588089330025,0.128941030506495,66
"42",NA,1,0,0,NA,NA,1,NA,NA,NA,NA,NA,NA,NA,1,NA,NA,NA,NA,NA,NA,NA,1,NA,NA,1,NA,NA,1,NA,NA,NA,NA,NA,NA,NA,NA,NA,NA,NA,NA,0,NA,NA,NA,NA,NA,NA,NA,NA,NA,NA,NA,NA,1,1,NA,1,0,NA,NA,NA,0,1,NA,NA,NA,NA,NA,88,4,35,5,63,0.102564102564103,0.0735294117647059,0.0290346907993967,0.0172413793103448,0.0117933114890518,107
"43",NA,1,1,0,NA,NA,1,NA,NA,NA,NA,NA,NA,NA,NA,NA,NA,NA,NA,NA,NA,NA,1,NA,NA,NA,NA,NA,1,NA,NA,NA,NA,NA,NA,NA,NA,NA,NA,NA,NA,0,NA,NA,NA,NA,NA,NA,NA,NA,NA,NA,1,NA,1,NA,1,1,0,NA,NA,NA,0,1,NA,NA,NA,NA,NA,89,5,6,6,18,0.454545454545455,0.25,0.204545454545455,0.115301724137931,0.0892437304075235,35
"44",NA,1,NA,0,NA,NA,1,NA,NA,NA,NA,NA,NA,NA,NA,NA,NA,NA,NA,NA,NA,NA,NA,NA,NA,NA,NA,NA,1,NA,NA,NA,NA,NA,NA,NA,NA,NA,NA,NA,NA,0,NA,NA,NA,NA,NA,NA,NA,NA,NA,NA,NA,NA,1,NA,NA,0,0,NA,NA,NA,0,1,NA,NA,NA,NA,NA,90,13,94,10,112,0.121495327102804,0.0819672131147541,0.0395281139880496,0.0854295867883771,0.0459014728003275,229
"45",NA,1,NA,NA,NA,NA,NA,NA,NA,NA,NA,NA,NA,NA,NA,NA,NA,NA,NA,NA,NA,NA,NA,NA,NA,NA,NA,NA,1,NA,NA,NA,NA,NA,NA,NA,NA,NA,NA,NA,NA,0,NA,NA,NA,NA,NA,NA,NA,NA,NA,NA,1,NA,1,1,NA,NA,0,NA,NA,NA,0,0,NA,NA,NA,NA,NA,91,4,26,6,31,0.133333333333333,0.162162162162162,-0.0288288288288288,0.218349928876245,0.247178757705074,67
"46",NA,1,NA,NA,NA,NA,NA,NA,NA,NA,NA,NA,NA,1,NA,1,NA,NA,NA,NA,NA,NA,NA,NA,NA,NA,NA,NA,1,NA,NA,NA,NA,NA,NA,NA,NA,NA,NA,NA,NA,1,NA,NA,NA,NA,NA,NA,NA,NA,NA,NA,NA,NA,1,NA,NA,NA,0,1,0,0,0,NA,NA,NA,1,NA,NA,94,9,33,10,52,0.214285714285714,0.161290322580645,0.0529953917050691,-0.0583589293549803,0.111354321060049,104
"47",NA,1,NA,NA,NA,NA,NA,NA,NA,NA,NA,NA,NA,0,NA,NA,NA,NA,NA,NA,NA,NA,NA,NA,NA,NA,NA,NA,1,NA,NA,NA,NA,NA,NA,NA,NA,NA,NA,NA,NA,1,NA,NA,NA,NA,NA,NA,NA,NA,NA,NA,NA,NA,1,1,1,NA,0,1,0,0,0,NA,NA,0,NA,NA,NA,95,1,16,0,16,0.0588235294117647,0,0.0588235294117647,0.173913043478261,0.115089514066496,33
"48",NA,1,1,NA,NA,NA,NA,NA,NA,NA,NA,NA,NA,NA,NA,NA,NA,NA,NA,NA,NA,NA,NA,NA,NA,NA,NA,NA,1,NA,NA,NA,NA,NA,NA,NA,NA,NA,NA,NA,NA,1,NA,NA,NA,NA,NA,NA,NA,NA,NA,NA,NA,NA,1,NA,NA,NA,0,0,NA,NA,0,NA,NA,NA,NA,NA,NA,97,63,97,21,104,0.39375,0.168,0.22575,0.174547306997638,0.0512026930023619,285
"49",NA,1,0,NA,NA,NA,NA,NA,NA,NA,NA,NA,NA,NA,1,NA,NA,NA,NA,NA,NA,NA,NA,NA,NA,NA,NA,NA,1,NA,NA,NA,NA,NA,NA,NA,NA,NA,NA,NA,NA,1,NA,NA,NA,NA,NA,NA,NA,NA,NA,NA,NA,NA,1,NA,NA,NA,0,0,NA,NA,0,NA,NA,NA,NA,NA,NA,98,20,32,14,46,0.384615384615385,0.233333333333333,0.151282051282051,0.357837837837838,0.206555786555787,112
"50",NA,NA,NA,NA,NA,NA,NA,NA,NA,NA,NA,0,NA,1,1,1,NA,NA,NA,NA,NA,NA,NA,NA,NA,NA,NA,NA,0,NA,NA,NA,NA,NA,NA,NA,NA,NA,NA,NA,NA,NA,NA,NA,NA,1,NA,NA,NA,NA,NA,NA,NA,NA,1,NA,NA,NA,0,NA,NA,NA,0,NA,NA,1,1,NA,NA,102,17,11,17,12,0.607142857142857,0.586206896551724,0.020935960591133,-0.2125,0.233435960591133,57
"51",NA,NA,NA,NA,NA,NA,NA,NA,NA,NA,NA,0,NA,NA,NA,NA,NA,NA,NA,NA,NA,NA,NA,NA,NA,NA,NA,NA,0,NA,NA,NA,NA,NA,NA,NA,NA,NA,NA,NA,NA,NA,NA,NA,NA,1,NA,NA,NA,NA,NA,NA,NA,NA,1,NA,NA,NA,0,NA,NA,NA,0,NA,NA,0,NA,NA,NA,103,33,16,45,26,0.673469387755102,0.633802816901408,0.0396665708536935,0.182261208576998,0.142594637723304,120
"52",NA,NA,NA,NA,NA,NA,NA,NA,NA,NA,NA,0,NA,NA,NA,NA,NA,NA,NA,NA,NA,NA,NA,NA,NA,NA,NA,NA,0,NA,NA,NA,NA,NA,NA,NA,NA,NA,NA,NA,NA,NA,NA,NA,NA,0,NA,NA,NA,NA,NA,NA,NA,NA,1,NA,NA,NA,0,NA,NA,NA,0,NA,NA,NA,NA,NA,NA,104,6,8,6,8,0.428571428571429,0.428571428571429,0,0.3,0.3,28
"53",NA,NA,NA,NA,NA,NA,NA,NA,0,NA,NA,1,NA,NA,NA,1,NA,NA,NA,NA,NA,NA,NA,NA,NA,NA,NA,NA,0,NA,NA,NA,NA,NA,NA,NA,NA,NA,NA,NA,NA,NA,NA,NA,NA,NA,NA,NA,NA,NA,NA,NA,1,NA,1,1,1,NA,0,NA,NA,NA,0,NA,0,NA,1,NA,NA,106,13,2,15,4,0.866666666666667,0.789473684210526,0.0771929824561404,-0.05,0.12719298245614,34
"54",NA,NA,NA,NA,NA,NA,NA,NA,1,NA,NA,1,NA,NA,NA,NA,NA,NA,NA,NA,NA,NA,NA,NA,NA,NA,NA,NA,0,NA,NA,NA,NA,NA,NA,NA,NA,NA,NA,NA,NA,NA,NA,NA,NA,NA,NA,NA,NA,NA,NA,NA,1,NA,1,NA,NA,NA,0,NA,NA,NA,0,NA,NA,NA,NA,NA,NA,107,93,28,62,64,0.768595041322314,0.492063492063492,0.276531549258822,0.368493547919385,0.0919619986605633,247
